{
  "_generated": "Generated by SweetTooth, do not edit",
  "description": "Add simple notes to the notification area. Click on tray icon, it will show up a dialog where you can input your notification title, message and optionally icon(default will be same as the extension icon). Important: Do not put any information that you would care if lost.",
  "name": "Pin It",
  "shell-version": [
    "45",
    "46"
  ],
  "url": "https://github.com/cankurttekin/PinIt-Gnome-Extension",
  "uuid": "pinit@cankurttekin",
  "version": 2
}
